asin,product_title,model,seller_name,price,mrp,is_buy_box_winner,fba_status,availability,pincode,scraped_at
B00DBOCDFC,SKF,6206,Sanjay Enterprise.,1145.0,3500,True,FBM,In stock,560001,2026-04-03T13:53:52.079960
B0BG37RC48,"ZUBSHA ENTERPRISES 10 Pcs 6002-2RS Ball Bearings (15x32x9mm), Double Rubber Black Seal Bearing, Deep Groove for Home, Garden Machinery,Industrial Equipment, Electric Toys and Tool, etc. (10)",6205,ZUBSHA ENTERPRISES,399.0,900,True,FBM,In stock,560001,2026-04-03T13:53:58.041667
B072M2W8VB,HRB,6206,Narang Machinery,30.0,74,True,FBM,In stock,560001,2026-04-03T13:54:07.357604
B0BQX11XH6,"608RS Ball Bearing 7x19x6mm Pre-Lubricated and Stable Performance and Cost Effective, Deep Groove Ball Bearings (20)",6206,ZUBSHA ENTERPRISES,379.0,499,True,FBM,In stock,560001,2026-04-03T13:54:57.019488
B0BW9D56X6,B.K.Jagan & Co Ball Bearing - 6206ZZ,6206,Implemental in,350.0,599,True,FBM,Only 1 left in stock.,560001,2026-04-03T13:55:05.908734
B0BBM3BY4K,ZUBSHA ENTERPRISES 3D Innovations 626ZZ Ball Bearing 6X19X6 mm For 3D Printer For CNC (Quantity: 5 Pcs),6206,ZUBSHA ENTERPRISES,199.0,399,True,FBM,In stock,560001,2026-04-03T13:55:13.470503
B0BCZ5F8HP,"ZUBSHA ENTERPRISES Groove Ball Bearing, 10pcs 6200-2RS Double Steel Rubber Sealed Steel Deep Groove Shielded Miniature Ball Bearings 10 * 30 * 9mm",6206,ZUBSHA ENTERPRISES,369.0,599,True,FBM,In stock,560001,2026-04-03T13:56:07.140751
B0FLDVJ5NL,PE - Bearing suitable HCH Rubber Seal Ball Bearing - Width Original Export Quality Premium Bearing Pack Of 2 (6201-2RS + 6202-2RS),6206,PADMAVATHI  ENTERPRISES,109.0,5450,True,FBM,In stock,560001,2026-04-03T13:56:10.903217
B010SDOW7K,NTN,6206,BUY CRAVINGS,7248.9,11598.24,True,FBM,,560001,2026-04-03T13:56:21.974815
B0DBM5KLRM,SKF YET207-106 Radial Insert Ball Bearing 34.93x72x38.9 mm,6206,WISHMASTER,20692.13,33107.41,True,FBM,,560001,2026-04-03T13:57:07.024283
B0BPMKB292,"6002-Zz 10PICS double Sealed Ball Bearings (ID=15mm, OD=32mm, Width=9mm)(10PCS)",6206,ZUBSHA ENTERPRISES,299.0,1099,True,FBM,In stock,560001,2026-04-03T13:57:47.195283
B0BD4FGGVZ,"ZUBSHA ENTERPRISES 6203-ZZ 10pcs Double Metal Shield Bearings (ID=17mm, OD=40mm, Width=12mm) Carbon Steel Ball Bearings",6206,ZUBSHA ENTERPRISES,529.0,52.90,True,FBM,In stock,560001,2026-04-03T13:58:20.896613
B072JH3TRM,HRB,6206,Narang Machinery,218.0,274,True,FBM,In stock,560001,2026-04-03T13:58:31.090995
B0BD1S61LV,"ZUBSHA ENTERPRISES BEARINGS-6202ZZ DEEP GROOVE-15mm Bore, 35mm Outside,11mm Width 3D Printer or Robotics or DIY Projects (PACK OF 10)",6206,ZUBSHA ENTERPRISES,319.0,31.90,True,FBM,In stock,560001,2026-04-03T13:59:06.798051
B0FKHG9RML,Bearing suitable HCH Rubber Seal Ball Bearing - Width Original Export Quality Premium Bearing Pack Of 2 (6201-2RS + 6202-2RS),6206,BALAR The house of spares,149.0,7450,True,FBM,In stock,560001,2026-04-03T13:59:13.774159
B0794WXPZY,HCH,6206,JK BEARINGS & POWERTOOLS,649.0,799,True,FBM,Only 2 left in stock.,560001,2026-04-03T13:59:42.313584
B0BPT3B4K6,"6003 2RS Rubber Sealed Ball Bearings (ID=17mm, OD=35mm, Width=10mm) 10 Pieces",6206,ZUBSHA ENTERPRISES,349.0,899,True,FBM,In stock,560001,2026-04-03T14:00:12.294995
B09MMGC9Q7,SKF 6007 Bearing Open NO Seals 6007 35x62x14 mm Same Day Shipping !!!,6206,WISHMASTER,4394.03,7030.44,True,FBM,,560001,2026-04-03T14:00:32.243300
B072M2VGDF,HRB,6206,Narang Machinery,132.0,165,True,FBM,In stock,560001,2026-04-03T14:01:13.253072
B0794VVDXK,HCH,6206,Itarsh Trading Corporation,500.0,50,True,FBM,In stock,560001,2026-04-03T14:01:25.031865
B0GNTT7FCL,"OMB | 6309-2RS| 1 Piece | Z3 V3 HQ | 45mm ID x 100mm OD x 25mm Width | Double Rubber Seals, Chromium Steel Ball Bearing",6206,OMB BEARINGS,500.0,900,True,FBM,In stock,560001,2026-04-03T14:01:59.198945
B0794N1KDM,608 2RS (RUBBER SEAL BALL BEARING) 8 MM ID X 22 MM OD X 7 MM WIDTH ORIGINAL EXPORT QUALITY PREMIUM BEARING (10),6206,SUPER BEARING,500.0,666,True,FBM,In stock,560001,2026-04-03T14:02:57.537301
B07FXJ3N6C,PILLOW BALL BEARING UC206,6206,Narang Machinery,162.0,300,True,FBM,In stock,560001,2026-04-03T14:03:26.558150
B0BPMLRS6P,"627ZZ/10PICS Z3 V3 Deep Groove Ball Bearing Double Shield Bearing Steel Bearings For 3D Printer or Robotics or DIY Projects (608ZZ,8 * 22 * 7mm)",6206,ZUBSHA ENTERPRISES,269.0,499,True,FBM,In stock,560001,2026-04-03T14:04:05.384394
B0CN7FFM27,NICHE,6206,BUNCH OF GOODS,21394.76,34231.62,True,FBM,,560001,2026-04-03T14:04:13.776749
B00OYKZH14,6002-2RS SKF Brand Rubber Seal Ball Bearing 15x32x9 6002 2RS 6002RS,6206,Violet US store,3542.0,4849,True,FBM,,560001,2026-04-03T14:04:24.096700
B079P4DV9M,HRB Pillow Ball Bearing UC205-16,6206,Narang Machinery,84.0,200,True,FBM,,560001,2026-04-03T14:05:17.015140
B0F1CGFB86,The Lord of the Tools,6206,NeoCircuit,3877.0,5040,True,FBM,,560001,2026-04-03T14:05:28.541307
B07SGPTD7H,FKG,6206,BuyGlobal_Store,10812.0,15159,True,FBM,,560001,2026-04-03T14:06:10.559335
B07SN24SGT,FKG,6206,EXOTIQUE MART INDIA,5823.33,9317.33,True,FBM,,560001,2026-04-03T14:06:22.015971
B0F1TDWZBB,"BBMB 2Pack 6206-ZZ Double Metal Seal Deep Groove Ball, P5 High-Precision and Strong Torque Performance, 30x62x16mm Chrome Steel Bearings (6206-ZZ)",6206,WISHMASTER,4913.36,7861.38,True,FBM,,560001,2026-04-03T14:07:03.879329
B09SDF7VVQ,608Zz Ball Bearings Metal Double Shielded Miniature Deep Groove 8Mm Skateboard Ball Bearings(8Mm X 22Mm X 7Mm) Robotics Or DIY Projects 3D Printer Radial Ball Bearings (6),6206,DLEIN,224.0,37.33,True,FBM,In stock,560001,2026-04-03T14:07:15.705753
B0DSTDZ9HC,"6901 2RS Ball Bearing – Double Rubber Sealed, Deep Groove, 12x24x6mm – High Speed, Rust-Proof for Electric Motor, Fan, Cycle, Machinery (2",6205,SBSS TRADERS,235.8,117.90,True,FBM,In stock,560001,2026-04-03T14:07:24.681097
B0GNK55W5S,"OMB | 6201-2RS | 10 Pieces | Z3 V3 HQ | 12mm ID x 32mm OD x 10mm Width | Double Rubber Seals, Chromium Steel Ball Bearing",6205,OMB BEARINGS,360.0,36,True,FBM,In stock,560001,2026-04-03T14:08:17.027610
B0BPMNFV5F,"6001 2RS/10PICS Rubber Sealed | Ball Bearings (ID=12mm, OD=28mm, Width=8mm) (10PCS)",6205,ZUBSHA ENTERPRISES,349.0,999,True,FBM,In stock,560001,2026-04-03T14:08:31.347927
B0GTF3G1QH,"6211 Deep Groove Ball Bearing Open Type (55x100x21) – Chrome Steel High Speed Motor Bearing, Standard Precision Industrial Use Stable, Cost-Effective Pack of 1",6205,S J ENTERPRISES Mart,350.0,700,True,FBM,In stock,560001,2026-04-03T14:08:58.737158
B0DPVRWWRF,"6202 2RS Deep Groove Ball Bearing15×35×11 mm, Double Rubber Sealed, Pre-Greased Both Sides) | High Speed, Low Noise, Anti-Rust Bearing for Motors, Pumps, Fans, EV Scooters & Machinery Pack of 5 pieces",6205,SBSS TRADERS,382.0,76.40,True,FBM,In stock,560001,2026-04-03T14:09:07.001482
B0GNTT9311,"OMB | 6302-2RS | 10 Pieces | Z3 V3 HQ | 15mm ID x 42mm OD x 13mm Width | Double Rubber Seals, Chromium Steel Ball Bearing",6205,OMB BEARINGS,570.0,57,True,FBM,In stock,560001,2026-04-03T14:09:17.136211
B0GTFB7M5B,"6216 Deep Groove Ball Bearing Open Type (80x140x26) – Chrome Steel High Speed Motor Bearing, Standard Precision Industrial Use Stable, Cost-Effective Pack of 1",6205,S J ENTERPRISES Mart,700.0,1400,True,FBM,In stock,560001,2026-04-03T14:09:54.925251
B0BBM1KGN3,"zubsha enterprises 608ZZ_3 10 Pieces 8x22x7mm 8mm Radial Bearings, 3D Printer",6205,ZUBSHA ENTERPRISES,249.0,299,True,FBM,In stock,560001,2026-04-03T14:10:06.237819
B09TD81QVV,"608ZZ Bearing Low noise. speed. Ball Bearings, 3D Printer or Robotics or DIY Projects (Pack of 10)",6205,IAMSAM,499.0,999,True,FBM,In stock,560001,2026-04-03T14:10:31.181090
B07FXLQSLG,PILLOW BALL BEARING UCFL207,6205,Narang Machinery,320.0,700,True,FBM,,560001,2026-04-03T14:11:05.078326
B0BD491FBZ,"ZUBSHA ENTERPRISES Ball Bearing 6203 2RS 10pcs Rubber Sealed Bearings (ID=17mm, OD=40mm, Width=12mm)",6205,ZUBSHA ENTERPRISES,390.0,39,True,FBM,In stock,560001,2026-04-03T14:11:13.753400
B0BPMJZD3J,"605ZZ/10PICS Deep Groove Ball Bearing Double Shield 605-ZZ, 5mm x 14mm x 5mm Chrome Steel Bearings",6205,ZUBSHA ENTERPRISES,289.0,600,True,FBM,In stock,560001,2026-04-03T14:11:24.053318
B071W6V1LX,HRB,6205,Narang Machinery,58.0,73,True,FBM,In stock,560001,2026-04-03T14:12:04.223645
B072M12L16,Ball Bearing,6205,Narang Machinery,44.0,199,True,FBM,In stock,560001,2026-04-03T14:12:14.761225
B01HTRYA8O,SKF,6205,BUNCH OF GOODS,34867.21,55787.53,True,FBM,,560001,2026-04-03T14:12:25.225066
B079RD5RGZ,Pillow Ball Bearing UCF208,6205,Narang Machinery,376.0,700,True,FBM,,560001,2026-04-03T14:13:17.011154
B0BPMNF3GQ,626 2rs 10pics BALL BEARING ID 6MM OD 19MM WIDTH 6MM FOR HEAVY DUTY MACHINES,6205,ZUBSHA ENTERPRISES,279.0,699,True,FBM,In stock,560001,2026-04-03T14:13:18.977704
B082KSB39R,6205-2RS2,6205,EXOTIQUE MART INDIA,2922.4,4675.84,True,FBM,,560001,2026-04-03T14:13:29.250847
B0CN7DR37F,NICHE,6205,BUNCH OF GOODS,17814.56,28503.30,True,FBM,,560001,2026-04-03T14:14:16.582428
B0DLGJHT9B,DEEG,6205,BuyGlobal_Store,10267.0,17759,True,FBM,,560001,2026-04-03T14:14:22.294764
B0BGLFSZ2Q,6205-zz Shielded Ball Bearings (4PCS),6205,IAMSAM,479.0,899,True,FBM,In stock,560001,2026-04-03T14:14:31.090898
B07SLXW1JM,FKG,6205,Trendora Global,6692.03,16723.20,True,FBM,,560001,2026-04-03T14:15:11.723572
B094Q7RSZG,MAPLE ACE,6205,WISHMASTER,6460.46,646.05,True,FBM,,560001,2026-04-03T14:15:18.297597
B01CUNOKF0,Two (2) 6205-2RS Sealed Bearings 25x52x15 Ball Bearings/Pre-Lubricated,6205,EXOTIQUE MART INDIA,3619.49,1809.75,True,FBM,,560001,2026-04-03T14:15:58.207764
B017ZDQ25Q,6205-2NSE9 CM NACHI Brand Rubber Seal Ball Bearing 25x52x15 6205 2RS 6205RS,6205,BuyGlobal_Store,3548.0,4859,True,FBM,,560001,2026-04-03T14:16:08.391050
B0BC9V125N,"6205-2RZ Bearings, 25x52x15mm Ball Bearing 6205RZ Double Rubber Sealed Shielded Bearing ID 25mm, OD 52mm, Thickness 15mm Deep Groove Ball Bearing for 3D Printer, Scooters Ball Bearing 2pcs",6205,BuyGlobal_Store,4088.0,5629,True,FBM,,560001,2026-04-03T14:16:18.881941
B0CFL6WKT8,AXK,6205,EXOTIQUE MART INDIA,2201.21,3521.94,True,FBM,,560001,2026-04-03T14:17:02.014380
B07FXZQ57H,PILLOW BALL BEARING UCT211.32,6205,Narang Machinery,648.0,1100,True,FBM,,560001,2026-04-03T14:17:08.283907
B094C8RXP7,"10 Pack 6205-2RS Double Rubber Seal Bearing 25x52x15mm,Pre Lubricated,Stable Performance,Cost Effective, Deep Groove Ball Bearings",6205,BUY CRAVINGS,5767.34,9227.74,True,FBM,,560001,2026-04-03T14:17:16.141825
B094Q2PJVY,MAPLE ACE,6205,WISHMASTER,5399.93,1349.98,True,FBM,,560001,2026-04-03T14:18:01.363980
B009SEHO2Q,Bearing 6205ZZ Ball Bearing,6205,Bearing Co,194.0,701,True,FBM,In stock,560001,2026-04-03T14:18:08.990627
B07BVZPQ5F,PGN 6205-2RS Sealed Ball Bearing - 25x52x15 - Lubricated - Chrome Steel (10 PCS),6205,BUY CRAVINGS,6025.52,602.55,True,FBM,,560001,2026-04-03T14:18:28.929574
B073XZ8C42,Fine Steel Bearing 6205-2RS HCH (Pack of 10 Pcs),6205,JK BEARINGS & POWERTOOLS,1549.0,1999,True,FBM,Only 2 left in stock.,560001,2026-04-03T14:18:52.000958
B0C8N4CGDP,"10 Pack 6205-2RS Double Rubber Seal Bearing 25x52x15mm,Pre Lubricated,Stable Performance,Cost Effective, Deep Groove Ball Bearings",6205,# Global Hub,5177.06,13250.25,True,FBM,,560001,2026-04-03T14:19:17.494719
B09DQ3KX1Y,SUPER - 10PCS 6205 BALL BEARINGS||6205 ||,6205,SUPER BEARING,1470.0,2940,True,FBM,In stock,560001,2026-04-03T14:19:30.961005
B09DQ12FF4,SUPER - 5PCS 6205 2RS (RUBBER SEALED) BALL BEARINGS||6205 2RS ||,6205,SUPER BEARING,975.0,1950,True,FBM,In stock,560001,2026-04-03T14:19:57.437381
B07NL962HS,"10Pcs 6205-2RS Deep Groove Ball Bearings, High Speed Double Rubber Sealed Deep Groove Ball Bearing 25x52x15mm 6205 Bearing",6205,WISHMASTER,8862.53,14180.04,True,FBM,,560001,2026-04-03T14:20:08.016331
B09DPZPLWD,SUPER - 10PCS 6205 ZZ BALL BEARINGS||6205 ZZ ||,6205,SUPER BEARING,1485.0,2970,True,FBM,In stock,560001,2026-04-03T14:20:31.325517
B0DQJ8JG35,"6200 2RS Ball Bearing (2pcs Pack) – Double Rubber Sealed, High Speed & Low Noise – For Scooters, Bikes, Motors, Fans, Pumps, Machinery (10x30x9 mm)",6205,SBSS TRADERS,260.0,130,True,FBM,In stock,560001,2026-04-03T14:20:48.763073
B0B5XPVLFT,uxcell,6206,NEXUSMART IN,4638.0,,True,FBM,,560001,2026-04-03T14:21:22.006122
B0B5XQDG6T,uxcell,6206,Ebony US Shop,3885.0,5749,True,FBM,,560001,2026-04-03T14:21:31.084170
B0CTJ6T7PN,MAPLE ACE,6206,WISHMASTER,3413.93,5462.29,True,FBM,,560001,2026-04-03T14:21:57.123210
B0BQJ8YR4T,6206 ZZ 62mmx62mmx16mm Deep Groove Ball Bearing | 4 Pcs,6206,ZUBSHA ENTERPRISES,499.0,899,True,FBM,In stock,560001,2026-04-03T14:22:16.732653
B0971VCFC3,MAPLE ACE,6206,EXOTIQUE MART INDIA,6174.62,9879.39,True,FBM,,560001,2026-04-03T14:22:36.995763
B0BQR5RL1S,VSJ,6206,VSJ bearing,649.0,129.80,True,FBM,In stock,560001,2026-04-03T14:22:57.000707
B00DBOSQSK,SKF,6206,JMR ENTERPRISES ALL INDIA SUPPLY,3500.0,5329,True,FBM,In stock,560001,2026-04-03T14:23:17.077141
B09DPZ8JWH,SUPER - 5PCS 6206 BALL BEARINGS||6206 ||,6206,SUPER BEARING,1188.0,2376,True,FBM,In stock,560001,2026-04-03T14:23:45.004120
B0BQJLHXXV,VSJ,6206,VSJ bearing,590.0,118,True,FBM,In stock,560001,2026-04-03T14:24:12.055939
B09DPZFNVX,SUPER - 10PCS 6206 BALL BEARINGS||6206 ||,6206,SUPER BEARING,2079.0,4158,True,FBM,In stock,560001,2026-04-03T14:24:22.007210
B0BGLFGVSY,6206-zz Shielded Ball Bearings (4PCS),6206,IAMSAM,499.0,899,True,FBM,In stock,560001,2026-04-03T14:24:48.279864
B0CQCWQD91,"2 PCS 6206-2RS sealed ball bearing 30x62x16mm pre-lubricated/chrome steel/rubber double seal, 6206RS deep groove ball bearing",6206,The Pandora Box,5911.0,12157.20,True,FBM,,560001,2026-04-03T14:24:59.485226
B0BGLHJRD8,6206-2RS- Shielded Ball Bearings (4PCS),6206,IAMSAM,560.0,899,True,FBM,In stock,560001,2026-04-03T14:25:27.343572
B0FYGBBRJW,"6206 ZZ Pack of 2 Deep Groove Ball Bearing Double Metal Shield pre lubricated, Choose F&D bearings for Smooth & Reliable low cost runs. (6206 ZZ Metal Shield)",6206,ZEROFRICTION,429.67,21483.50,True,FBM,In stock,560001,2026-04-03T14:25:36.998466
B08GYH8CMD,6206 ZZ Ball Bearing India,6206,SUPER BEARING,253.0,506,True,FBM,In stock,560001,2026-04-03T14:25:43.622100
B09DQ2G12B,SUPER - 5PCS 6206 2RS (RUBBER SEALED) BALL BEARINGS||6206 2RS ||,6206,SUPER BEARING,1200.0,2400,True,FBM,In stock,560001,2026-04-03T14:26:27.008011
B0BNDW3YR4,pmw,6206,Pmw®,429.0,699,True,FBM,In stock,560001,2026-04-03T14:26:31.338953
B08DG8F24X,6206 Ball Bearing India,6206,SUPER BEARING,211.0,422,True,FBM,In stock,560001,2026-04-03T14:26:42.017154
B00P4AVBBS,JSB Great Bearings,6206,BuyGlobal_Store,3413.0,4669,True,FBM,,560001,2026-04-03T14:27:31.111577
B0DS7RTSHB,Ball Bearing 6206 2RS with 30mm inner and 62mm outer (10),6206,SINAL.INDIA,1999.0,999.50,True,FBM,In stock,560001,2026-04-03T14:27:37.015875
B07BWCML65,PGN (4 Pack) 6206-2RS Bearing - Lubricated Chrome Steel Sealed Ball Bearing - 30x62x16mm Bearings with Rubber Seal & High RPM Support,6206,Overseas_shop,3746.0,,True,FBM,,560001,2026-04-03T14:27:51.775461
B08DH7DHTH,6206 2RS Ball Bearing India,6206,SUPER BEARING,253.0,506,True,FBM,In stock,560001,2026-04-03T14:28:39.417977
B0GNKBSNRS,OMB | 6206 ZZ | 4 Pieces | Z3 V3 HQ | 30mm ID x 62mm OD x 16mm Width | High Speed Chromium Steel Ball Bearing,6206,OMB BEARINGS,550.0,137.50,True,FBM,In stock,560001,2026-04-03T14:28:48.120526
B0F38B2Z9P,JASDONE,6206,JASDONE ® PRIVATE LIMITED,1020.0,2500,True,FBM,Only 2 left in stock.,560001,2026-04-03T14:29:10.130163
B0FZLZYHL8,Ball Bearing 6206 | Open Type (Non-Shielded) | High-Speed Deep Groove Bearing | Industrial & Automotive Use | 30x62x16 mm (Pack of 2),6206,Aditya's  Emporium,280.0,140,True,FBM,In stock,560001,2026-04-03T14:29:31.364807
B0DHVSV23M,ENTERPRISES 6206-2RS (2 PCS) Sealed Ball Bearing -30x62x16 Chrome Steel Outer Dia Black Rubber Shielded Deep Groove Ball Bearing,6206,ZUBSHA ENTERPRISES,450.0,112.50,True,FBM,In stock,560001,2026-04-03T14:29:49.827385
B0GTF3KYNC,"6206 2RS Rubber Sealed Deep Groove Ball Bearing (30x62x16) – Water & Dust Resistant Heavy Duty Motor Bearing, Pre-Greased Stable, Cost-Effective Pack of 2",6206,S J ENTERPRISES Mart,275.0,137.50,True,FBM,In stock,560001,2026-04-03T14:30:24.349134
B07V294G8M,NIKAVI,6206,ETrade Online,1037.0,1296,True,FBM,In stock,560001,2026-04-03T14:30:31.379907
B075SV2WWM,WJB,6206,BUNCH OF GOODS,2676.78,4282.85,True,FBM,,560001,2026-04-03T14:30:45.031526
B0GNKNTF2T,OMB | 6206 ZZ | 2 Pieces | Z3 V3 HQ | 30mm ID x 62mm OD x 16mm Width | High Speed Chromium Steel Ball Bearing,6206,OMB BEARINGS,299.0,149.50,True,FBM,In stock,560001,2026-04-03T14:31:31.040101
B01N52EZOB,WJB,6206,BUNCH OF GOODS,2802.8,4484.48,True,FBM,,560001,2026-04-03T14:31:42.018935
B0FQHZD3CL,"6206-2RS Ball Bearing, 30mm x 62mm x 16mm, Double Sealed",6206,Goodluck Traders Center,549.0,999,True,FBM,In stock,560001,2026-04-03T14:31:51.863789
B07XV9WPK5,NIKAVI,6206,ETrade Online,158.0,261,True,FBM,In stock,560001,2026-04-03T14:32:37.001139
B0DS7RS249,Ball Bearing 6206 2RS with 30mm inner and 62mm outer (2),6206,SINAL.INDIA,395.0,197.50,True,FBM,In stock,560001,2026-04-03T14:32:43.253947
B071J8NWJR,HRB,6206,Narang Machinery,105.0,141,True,FBM,In stock,560001,2026-04-03T14:32:52.025226
B0GTF2KND4,"6206 ZZ Double Shielded Deep Groove Ball Bearing (30x62x16) – Pre Lubricated High Speed Motor Bearing, Dust Protected Stable, Cost-Effective Pack of 2",6206,S J ENTERPRISES Mart,275.0,137.50,True,FBM,In stock,560001,2026-04-03T14:33:36.957603
B08LQBGSBT,BKT,6206,SUPER BEARING,154.0,300,True,FBM,In stock,560001,2026-04-03T14:33:45.080040
B0FQJ4X546,"6206-2Z Ball Bearing, 30 mm x 62 mm x 16 mm",6206,Goodluck Traders Center,549.0,999,True,FBM,In stock,560001,2026-04-03T14:33:55.618807
B073XZKXZM,Fine Steel Bearing 6206-2RS HCH (Pack of 10 Pcs),6206,SUPER BEARING,1687.0,2600,True,FBM,In stock,560001,2026-04-03T14:34:30.869042
B08LPSGPBM,BKT,6206,SUPER BEARING,165.0,300,True,FBM,In stock,560001,2026-04-03T14:34:37.028609
B07H88MND1,Ball Bearing 6206-2RS1 Rubber Shield Bearing Deep Groove Ball Bearing Dimension 30x62x16,6206,Sanjay Enterprise.,294.0,990,True,FBM,In stock,560001,2026-04-03T14:34:48.739167
B072PYQ9SW,HRB,6206,Narang Machinery,93.0,121,True,FBM,In stock,560001,2026-04-03T14:35:32.000469
B07179BP9M,HRB,6205,Narang Machinery,151.0,189,True,FBM,In stock,560001,2026-04-03T14:35:44.523419
B071FNTDYV,HRB,6205,Narang Machinery,134.0,169,True,FBM,In stock,560001,2026-04-03T14:36:19.854648
B071ZMXLV6,HRB,6205,Narang Machinery,156.0,209,True,FBM,In stock,560001,2026-04-03T14:36:31.104452
B09DPYTLVP,SUPER - 10PCS 6205 2RS (RUBBER SEALED) BALL BEARINGS||6205 2RS ||,6205,SUPER BEARING,1485.0,2970,True,FBM,In stock,560001,2026-04-03T14:37:04.501962
B0765QBPKS,SKF,6205,JMR ENTERPRISES ALL INDIA SUPPLY,560.0,679,True,FBM,In stock,560001,2026-04-03T14:37:14.702632
B015WZAQ9C,SKF,6205,Shivneri Auto Parts,630.0,,True,FBM,In stock,560001,2026-04-03T14:37:23.442604
B0B3HY6Q9X,6205-2RS Sealed Bearing Deep Groove Ball Bearing - 25x52x15mm - Lubricated - Chrome Steel (2PCS),6205,BUY CRAVINGS,2679.11,4286.58,True,FBM,,560001,2026-04-03T14:38:21.920295
B0BQJ7RXDN,6205 ZZ 55mmx55mmx16mm Deep Groove Ball Bearing | 4 Pcs,6205,ZUBSHA ENTERPRISES,449.0,889,True,FBM,In stock,560001,2026-04-03T14:38:22.072376
B0DJ5YF4RB,"6205-2RS-Double Shielded Miniature Ball Bearing, for 3D Printers, Robotics, DIY Projects And Power Tools (Pack of 2 Pcs)",6205,LUCKY POWER TOOLS,549.0,1999,True,FBM,In stock,560001,2026-04-03T14:38:31.102565
B08GY71W8Y,6205 ZZ Ball Bearing India,6205,SUPER BEARING,201.0,402,True,FBM,In stock,560001,2026-04-03T14:39:41.331886
B0FQ2YDZDK,6205 DPX Deep Groove Ball Bearing Open Type 25x52x15 mm | P6 Precision C3 Clearance | High Speed Low Noise Bearing for Electric Motors Pumps Fans Machinery,6205,CNZ Bearings Pvt. Ltd,699.0,1299,True,FBM,In stock,560001,2026-04-03T14:39:48.684290
B0DS2K2Q33,"6205 CHROME BALL BEARING V3 QUALITY BEARING USED IN AUTOMOTIVE AND INDUSTRIAL SECTOR (ID=25mm, OD=52mm, Width=15mm)",6205,Shree Paarv,210.0,499,True,FBM,In stock,560001,2026-04-03T14:39:55.166057
B0FQHTTHHL,6205-2RS Ball Bearing 25x52x15mm – High Precision Sealed Bearing Made with Premium Alloy Steel,6205,Goodluck Traders Center,289.0,28900,True,FBM,In stock,560001,2026-04-03T14:40:32.024203
B0BGB4D64F,6205-2RSNR Premium Mower Bearing with Snap Ring - Fits John Deere AM102888 AM131046 AM137758 Gravely 05435700,6205,IBHEJO,1745.0,4480,True,FBM,In stock,560001,2026-04-03T14:40:43.035774
B0F3885B2N,JASDONE,6205,JASDONE ® PRIVATE LIMITED,899.0,1599,True,FBM,Only 2 left in stock.,560001,2026-04-03T14:41:04.500223
B0GSMXVN4F,"6205 ZZ Ball Bearing(5PCS), 25 x 52 x 15mm, Alloy Steel, Double Shielded, High Speed",6205,BEST CUTTING TOOLS,999.0,199.80,True,FBM,In stock,560001,2026-04-03T14:41:26.999525
B0GTDVBWBD,"6205 2RS Rubber Sealed Deep Groove Ball Bearing (25x52x15) – Water & Dust Resistant Heavy Duty Motor Bearing, Pre-Greased Stable, Cost-Effective Pack of 10",6205,S J ENTERPRISES Mart,699.0,69.90,True,FBM,In stock,560001,2026-04-03T14:41:48.165914
B07V5HV79M,NIKAVI,6205,NIKAVI,1056.0,1320,True,FBM,Only 2 left in stock.,560001,2026-04-03T14:42:12.010513
B0BGLGS7XJ,6205-2RS Shielded Ball Bearings (1PCS),6205,IAMSAM,185.0,899,True,FBM,In stock,560001,2026-04-03T14:42:41.380454
B0GTF7NQ5L,"6205 ZZ Double Shielded Deep Groove Ball Bearing (25x52x15) – Pre Lubricated High Speed Motor Bearing, Dust Protected Stable, Cost-Effective Pack of 10",6205,S J ENTERPRISES Mart,699.0,69.90,True,FBM,In stock,560001,2026-04-03T14:42:51.998204
B0D2V8P4TH,6205 2RS deep groove ball bearings pack of 4 pcs,6205,SAMAR COLLECTION Point,599.0,999,True,FBM,In stock,560001,2026-04-03T14:43:24.305034
B0BQR38K8W,VSJ,6205,VSJ bearing,399.0,79.80,True,FBM,In stock,560001,2026-04-03T14:43:31.388487
B07XVCK4WV,NIKAVI,6205,ETrade Online,130.0,,True,FBM,In stock,560001,2026-04-03T14:43:42.632508
B0B888775Q,"Ball bearing 6205 2RS 1pc Rubber Sealed Bearings (ID=25mm, OD=52mm, Width=15mm)",6205,IAMSAM,185.0,899,True,FBM,In stock,560001,2026-04-03T14:45:31.080678
B0FQHV6ND1,6205-2Z Ball Bearing 25x52x15mm – High Precision Shielded Bearing Made with Premium Alloy Steel,6205,Goodluck Traders Center,289.0,28900,True,FBM,In stock,560001,2026-04-03T14:45:41.998003
B0DYJZZ5BM,"6205 2RS Rubber Sealed Bearings (ID=25mm, OD=52mm, Width=15mm) High Speed Bearing Steel ll pack of 10",6205,SASA TRADERS.,899.0,89.90,True,FBM,In stock,560001,2026-04-03T14:46:17.005637
B07H1DV981,SKF,6205,JMR ENTERPRISES ALL INDIA SUPPLY,397.0,420,True,FBM,In stock,560001,2026-04-03T14:46:31.098990
B0829Q1S1Z,"6205-2Z Ball Bearing (Pack Of 10) Inner diameter: 25 mm, Outer diameter: 52 mm, Thickness: 15 mm",6205,"VALLABH SALES,.",750.0,900,True,FBM,In stock,560001,2026-04-03T14:47:02.939352
B0FRHF4VZC,NS HCH 6205 2RS BEARING (1 PC),6205,N.S. AUTOMOBILES.,249.0,499,True,FBM,In stock,560001,2026-04-03T14:47:22.017310
B0BD1BVW7B,ZUBSHA ENTERPRISES 5PCS 6201 2RS 12x32x10MM RUBBER SEALED BALL BEARINGS,6205,ZUBSHA ENTERPRISES,289.0,57.80,True,FBM,In stock,560001,2026-04-03T14:47:57.025990
B079P3GCSP,"Pillow Ball Bearing, UCP205",6205,Narang Machinery,200.0,500,True,FBM,In stock,560001,2026-04-03T14:48:17.061817
B08DH16TLS,6205 Ball Bearing India,6205,SUPER BEARING,193.0,386,True,FBM,In stock,560001,2026-04-03T14:48:48.451713
B0B19VSV7K,"MINSALES� Ball bearing 6205 2RS 4pcs Rubber Sealed Bearings (ID=25mm, OD=52mm, Width=15mm)",6205,Minsha Exports,429.0,599,True,FBM,In stock,560001,2026-04-03T14:49:06.186289
B08DHT7YP3,6205 2RS Ball Bearing India,6205,SUPER BEARING,201.0,402,True,FBM,In stock,560001,2026-04-03T14:49:42.131646
B079P8QPGY,HRB Ball Bearing 6205 2RS,6205,Narang Machinery,81.0,193,True,FBM,In stock,560001,2026-04-03T14:49:56.491096
B0FH26DPGD,"JBH Bearing (F7) 6205 2RS Deep Groove Ball Bearing, 25x52x15 mm, Rubber Sealed, High-Speed (4)",6205,JAINCO BEARING HOUSE,299.0,599,True,FBM,In stock,560001,2026-04-03T14:50:27.069993
B08LPRQ3LR,BKT,6205,SUPER BEARING,150.0,254,True,FBM,In stock,560001,2026-04-03T14:50:32.062924
B0DV7FNKZL,"6205 2RS Bearings, Made of Bearing Steel 25mm x 52mm x 15mm, Double Shielded Bearings (PACK OF 10PCS)",6205,SASA TRADERS.,699.0,899,True,FBM,In stock,560001,2026-04-03T14:51:06.826534
B08LPQ85NC,BKT,6205,SUPER BEARING,150.0,254,True,FBM,In stock,560001,2026-04-03T14:51:22.035811
B0FH27DC9V,"JBH Bearing (F7) 6205 2RS Deep Groove Ball Bearing, 25x52x15 mm, Rubber Sealed, High-Speed (2)",6205,JAINCO BEARING HOUSE,199.0,599,True,FBM,In stock,560001,2026-04-03T14:51:57.117263
B0DV6MDZP8,"6205 ZZ Deep Groove Ball Bearing, Open, Metric, 25mm ID, 52mm OD, 15mm Width, Bearings (PACK OF 10PCS)",6205,SASA TRADERS.,699.0,899,True,FBM,In stock,560001,2026-04-03T14:52:10.522681
B071FNT6HV,HRB,6205,Narang Machinery,81.0,193,True,FBM,In stock,560001,2026-04-03T14:52:42.127096
B0FTXN5SDZ,6205 - HCH Rubber Seal Ball Bearing 2 pc only- Width Original Export Quality Premium Bearing Pack Of 2 (6205 2RS 25X52X15MM),6205,BALAR The house of spares,299.0,29900,True,FBM,In stock,560001,2026-04-03T14:52:57.093431
B0FYGGZ61G,"6205 ZZ Pack of 2 Deep Groove Ball Bearing Double Metal Shield pre lubricated, Choose F&D bearings for Smooth & Reliable low cost runs. (6205 ZZ Metal Shield)",6205,ZEROFRICTION,310.67,15533.50,True,FBM,In stock,560001,2026-04-03T14:53:31.093005
B0BQJ9QV9J,"ENTERPRISES 6205 2RS Rubber Sealed Bearings (ID=25mm, OD=52mm, Width=15mm) High Speed Bearing Steel ll pack of 4 ll",6205,ZUBSHA ENTERPRISES,389.0,399,True,FBM,In stock,560001,2026-04-03T14:53:47.046799
B0G7Z48PQD,"6205ZZ, 6205 ZZ, 6205 2Z Ball Bearing, 25 x 52 x 15mm, Alloy Steel, Double Shielded, High Speed, 1 Piece",6205,T.  S.  JAWADWALA,85.0,110,True,FBM,In stock,560001,2026-04-03T14:54:22.021969
B0BDLJ6CML,ZUBSHA ENTERPRISES (5PCS) 6205ZZ 25 x 52 x 15mm Double Shielded Radial Deep Groove Ball Bearing,6205,ZUBSHA ENTERPRISES,389.0,77.80,True,FBM,In stock,560001,2026-04-03T14:54:32.076500
B09DQ1WH54,BKT,6205,SUPER BEARING,990.0,1980,True,FBM,In stock,560001,2026-04-03T14:55:12.037745
B07H1GJZMP,SKF,6205,HEERA SPRING & MILL STORE,639.0,680,True,FBM,In stock,560001,2026-04-03T14:55:31.188788
B0GS28J97B,"Ball Bearing 6205 ZZ, 25x52x15 mm, Pack of 10",6205,PART N SPARES AUTO,1799.0,179.90,True,FBM,,560001,2026-04-03T14:56:07.028221
